ecode,onscode,authority.x,region,class.x,tstb_1516,tstb_1617,tstb_1718,tstb_1819,tstb_1920,tstb_2021,tstb_2122,tstb_2223,tstb_2324
TE,TE,England,Eng,Eng,NA,NA,NA,NA,NA,NA,NA,NA,18749055
ILB,ILB,Inner London Boroughs,[z],ILB,1044140.7000000001,1085243.9,1115078.8,1149568.2,1173151.7,1196317.7000000002,1184479.0999999999,1204564.13625,1228464.2
OLB,OLB,Outer London Boroughs,[z],OLB,1674441.6999999997,1725504.7000000002,1764125.7999999998,1797959.5,1829732.2,1854129.0099999998,1836871.4000000001,1869008.9479999999,1894198.2
MD,MD,Metropolitan Districts,[z],MD,2900689.0999999996,2967540.2,3025672.900000001,3078077.6000000006,3130572.2699999996,3174694.3,3143574.7,3211192.25555,3261768.3
UA,UA,Unitary Authorities,[z],UA,3668885.050000001,3755768.3,3827896.8000000007,3896995.099999999,4129754.699999999,4415463.9,4640944.7,4728082.631960001,5424328.5
SD,SD,Shire Districts,[z],SD,7383616.167499995,7517622.200000005,7646754.699999997,7764030.500000003,7708528.749999996,7591742.600000004,7333216.679999999,7460510.87454,6940295.8
E3831,E07000223,Adur,SE,SD,20155.6,20520.6,20707.3,20923.2,21195,21381.4,21232.8,21699.7,21937.3
E1031,E07000032,Amber Valley,EM,SD,37183.6,37554.1,38249.5,39172.7,39539.9,39909.6,39643.5,40307.1,41085.9
E3832,E07000224,Arun,SE,SD,56762,57803,59456,60402,61281,62244,62628,63011,64159
E3031,E07000170,Ashfield,EM,SD,31052.2,31936.3,32546.2,33140.5,33542.5,33695.3,33731.7,34052.7,34428.3
E2231,E07000105,Ashford,SE,SD,42365,43750,44671.7,45680,46500,47300,45173,48663.995,48906
E3531,E07000200,Babergh,E,SD,31641.3,32020,32488.9,32822.1,33358.9,34196.2,33437.1,34878.19115,35437.4
E5030,E09000002,Barking and Dagenham,L,OLB,42624.7,45744.6,47273.1,48782.3,50008.5,51204.1,50995.7,52079.2,53326.9
E5031,E09000003,Barnet,L,OLB,132151,135324,139049,141918,145560,147813,148093.8,150833.7,153073
E4401,E08000016,Barnsley,YH,MD,60257.7,60229.1,62346.9,62907.1,64081.5,65405.7,65226.2,66584.6,66446.8
E1531,E07000066,Basildon,E,SD,57381,58577.4,59466,60135,60923.6,61287.2,60840,61376.224,61230.2
E1731,E07000084,Basingstoke & Deane,SE,SD,61635.3,62760.2,63376.9,64085,65768.8,66647.3,66627.2,67823.4375,69037.3
E3032,E07000171,Bassetlaw,EM,SD,32545.3,33079.7,33916.7,34232,34795,35373,35771.5,36396.8,37260.5
E0101,E06000022,Bath & North East Somerset,SW,UA,61950.6,62734.6,63996.2,64346.6,65687.5,66879.9,66711.9,67853.7,68609.9
E0202,E06000055,Bedford,E,UA,53475.5,54954,56815.7,58521,60010.1,60943,58919,61941.99095,62443
E5032,E09000004,Bexley,L,OLB,77303,78772,79769,81287.1,81941.2,82218.9,81741.9,82064.8,83123.6
E4601,E08000025,Birmingham,WM,MD,234089,239042,243955,248838,251580,254654,253995,258361.9994,263262
E2431,E07000129,Blaby,EM,SD,30961.9,31566.6,32448.7,32944.1,33441.7,33886.5,33977.1,34246.2,34369.7
E2301,E06000008,Blackburn with Darwen,NW,UA,33052.9,33341.7,33911.4,34341.9,34839.5,35577.6,34938.2,35439.3355,36292.8
E2302,E06000009,Blackpool,NW,UA,34866,35562,35662,36219,36521,37157,36853,37140,37830
E1032,E07000033,Bolsover,EM,SD,20166.2,20617.5,21040.9,21473.5,21982.9,22169.6,22026.3,22443.3,22900.7
E4201,E08000001,Bolton,NW,MD,70176,71395.9,74472.2,74822,75487.4,76173.4,76281.2,77795.34,78820.4
E2531,E07000136,Boston,EM,SD,17772.4,17967.1,18320.8,18713.6,19133.9,19252.9,19621.7,20051,20274
E1204,E06000058,"Bournemouth, Christchurch & Poole",SW,UA,NA,NA,NA,NA,141772,142996.2,139170.5,142813.9538,144838.7
E0301,E06000036,Bracknell Forest,SE,UA,42695,43772,44581,45298,45573,46816,47624,48249,48756
E4701,E08000032,Bradford,YH,MD,130280,133505,136252,140348,142200,144350,142000,143419.9851,143920
E1532,E07000067,Braintree,E,SD,49742,50667,51547,51980,52521,53373,53721,54957.022,55801
E2631,E07000143,Breckland,E,SD,39654.4,41111.8,41991.1,42806,43479.8,44013.2,44446.3,45031.4,45925.2
E5033,E09000005,Brent,L,OLB,82799,89254.4,93319,95677.4,96639,97605,98450,98730,101187
E1533,E07000068,Brentwood,E,SD,31155.6,31790,32084.1,32592.6,32863.2,32968,33250.3,33171.9,33870
E1401,E06000043,Brighton & Hove,SE,UA,83633.5,86173,87388.8,88976.4,90038.5,90722.8,89493,91203.985,91986.3
E0102,E06000023,Bristol,SW,UA,119115.8,120946.1,124082.7,125797.5,126999.3,128566,127950,127917,129654
E2632,E07000144,Broadland,E,SD,43304.5,44666,45122,45735,46065,46430,46660,47457,48127
E5034,E09000006,Bromley,L,OLB,125130,126656,128523,130004,131428,132026,132026,133347,134093
E1831,E07000234,Bromsgrove,WM,SD,34907.8,35404.9,36056.7,36531.1,36714.2,37209,37186.6,37511,37919.5
E1931,E07000095,Broxbourne,E,SD,33655,34023.4,34463.2,34639.5,35026,35446.6,34333.1,35722.078,36137.2
E3033,E07000172,Broxtowe,EM,SD,32400.6,32806.6,33126.8,33448.3,33674.9,34039.2,34217.5,34530,34861.9
E2333,E07000117,Burnley,NW,SD,21630,22071,22579,23118,23191,23384,23268,23487,23544
E4202,E08000002,Bury,NW,MD,51227.9,51900,52350,52850,53600,55222.1,53828.1,55611.4,56708.4
E0402,E06000060,Buckinghamshire,SE,UA,NA,NA,NA,NA,NA,223990,222433.1,225030.7,228998
E4702,E08000033,Calderdale,YH,MD,58325.7,59212.1,59916.6,60864.3,61993.9,62717.2,61488,62507.1,63146.6
E0531,E07000008,Cambridge,E,SD,39946.2,40932.1,41977.2,42988.6,43685.3,44450.9,43530.5,44099.6,44837.4
E5011,E09000007,Camden,L,ILB,85170,88000,88450,89000,90500,92700,88125,90218.9965,92555
E3431,E07000192,Cannock Chase,WM,SD,26902.9,27148.9,27571.9,28396.8,28874.5,29242.5,29136.8,29458.1,29851.1
E2232,E07000106,Canterbury,SE,SD,47210.3,47947.4,48906.7,49664.9,50206.549999999996,51300.4,49624.38,51259.8162,52372.8
E1534,E07000069,Castle Point,E,SD,29314,29722,30077,30443,30787,30969,30965,31181.475,31258
E0203,E06000056,Central Bedfordshire,E,UA,93392,95945,98104,99951,102362,105134,106698,109359.954,111606
E2432,E07000130,Charnwood,EM,SD,52291.3,53538.8,54583.5,55525.8,56462.4,57607.2,58286.9,58819,59186.3
E1535,E07000070,Chelmsford,E,SD,62381.6,63233.9,64395.2,65494.6,66672.3,68251.7,68579.8,70141.65166,70762.9
E1631,E07000078,Cheltenham,SW,SD,39787.1,40395.3,41041.3,41745.2,42648.2,43144.5,42970.6,43423.7958,43650
E3131,E07000177,Cherwell,SE,SD,48253,50357.1,51639.5,52681.6,53876.9,55559.9,55615.9,56801.6,58184.3
E0603,E06000049,Cheshire East,NW,UA,138764.5,142186.6,144201.5,147003.8,149517.5,152597.8,153796.1,156607.506,158778.5
E0604,E06000050,Cheshire West and Chester,NW,UA,112869,115125,116329,118511.5,121757.6,123713.3,122724.3,125464.5755,127573.9
E1033,E07000034,Chesterfield,EM,SD,27781.6,28271.6,28507.9,28769.1,29000.6,29181.1,29269,29858.07675,30222.4
E3833,E07000225,Chichester,SE,SD,50504.2,51237.9,51918.4,52804.3,53339.6,54133.3,53983.8,55043.6,56330.1
E2334,E07000118,Chorley,NW,SD,34504.3,35181.7,35933.6,36614.2,37134.4,37438.5,37476.2,38108,38342.5
E5010,E09000001,City of London,L,ILB,6239.6,7042,7060.4,7211,7785,8149.2,8169.6,8317.3,8862.9
E1536,E07000071,Colchester,E,SD,59547.2,60495.6,61132.2,61960,63331,63932.8,62776.4,64730.55,65865.1
E0801,E06000052,Cornwall,SW,UA,179844.7,182547.6,185757.1,191398.4,194262,197359.4,195849,203074.6192,206062.3
E1632,E07000079,Cotswold,SW,SD,37250.5,38418.1,39045.5,40297.8,41683.1,41817.6,41848.2,42192.9232,42374.2
E4602,E08000026,Coventry,WM,MD,74296.2,77525.1,78971.9,80815.4,83400.1,83905.5,82717.1,84264.3,86075.2
E3834,E07000226,Crawley,SE,SD,32697.5,33368.5,33893.5,34484.4,35216.3,35811.9,34961.9,35758.2,35952.7
E5035,E09000008,Croydon,L,OLB,113893,117795.1,121243.2,124641,128931.1,132728.7,129940.8,136370.8,137230.9
E0901,E06000063,Cumberland,NW,UA,NA,NA,NA,NA,NA,NA,NA,NA,88328.6
E1932,E07000096,Dacorum,E,SD,54637.7,55282,56415.4,56743.6,57270.2,58567.4,58693.7,59328.3,59922.3
E1301,E06000005,Darlington,NE,UA,31101,31739.6,31989.5,32375.6,32873.7,33329.3,33479.6,34464.494,34814.5
E2233,E07000107,Dartford,SE,SD,33229,34243,35334.9,36685.1,37747,38756.9,38792.3,39544.2,40288.4
E1001,E06000015,Derby,EM,UA,63240.4,65138.2,66574.1,67610.4,68679,69592.1,69545.8,70030.6,71038.7
E1035,E07000035,Derbyshire Dales,EM,SD,28064.5,28270.3,28534.3,28833.9,28914.1,29828.7,29976.2,30539.4,30662.5
E4402,E08000017,Doncaster,YH,MD,75729,77071,79095,80672,82776,84141.2,82809.8,84601.8,85978.9
E1203,E06000059,Dorset Council,SW,UA,NA,NA,NA,NA,148087.2,148410.8,148319.7,150617.896,152424
E2234,E07000108,Dover,SE,SD,35503.7,36251.9,37204.4,37962.7,38526.3,39029.7,38993.9,39763.2,39974.4
E4603,E08000027,Dudley,WM,MD,85902.7,88126.1,89561.6,91427.4,92254,93074.2,91800.5,93790.9,93834.6
E1302,E06000047,Durham,NE,UA,130492.7,133892.4,135620.9,138419.2,139738.8,141742,141623.2,143695.827,145675.9
E5036,E09000009,Ealing,L,OLB,104595.9,109312.1,111132.4,113076.9,115489.9,116838,117138,118648.5,121612.9
E0532,E07000009,East Cambridgeshire,E,SD,28263,28682.1,28946,29260.5,29719.4,30190.1,29930,31115.3,31964.9
E1131,E07000040,East Devon,SW,SD,55288.8,56403.8,57477.1,58669,59283,60141,60084,60804.95477,61653.1
E1732,E07000085,East Hampshire,SE,SD,47352.1,48627.6,48900.8,49459.6,50461.9,51083.1,51407.1,51908.7,52581.3
E1933,E07000242,East Hertfordshire,E,SD,56425.5,57254.9,58674,59602.8,60721.9,61272,61734.4,62609.7,63892.8
E2532,E07000137,East Lindsey,EM,SD,41256.9,42355.1,42801.9,43468,44264,44971,45067,45793,46377
E2001,E06000011,East Riding of Yorkshire,YH,UA,109047.6,111185.3,113265.6,115045.7,116543.9,118159.6,117313.4,120900.3,122527.8
E3432,E07000193,East Staffordshire,WM,SD,34436.1,35159.7,35950.3,36736.4,37278.2,38388.5,37875,39059.2,40060
E3538,E07000244,East Suffolk,E,SD,NA,NA,NA,NA,86755.1,87888.9,87339.4,89023.4,90340.9
E1432,E07000061,Eastbourne,SE,SD,32558.9,33606.1,33923.7,34354.4,34765.3,34848.6,34532.2,34754,35294.8
E1733,E07000086,Eastleigh,SE,SD,42660.3,43336.1,44118.3,44806,45853.6,47034.5,47774.4,48373.4,48510.2
E3631,E07000207,Elmbridge,SE,SD,62085,62582,63414.7,64138.6,64719.8,65228,64518,65568.987,65980
E5037,E09000010,Enfield,L,OLB,91714,94317,95043,96005,97074,97726,92965,96369,96794
E1537,E07000072,Epping Forest,E,SD,51196.3,52257.8,53029.2,53562.8,54159.4,54728.6,54018.7,54865.3,54883.6
E3632,E07000208,Epsom & Ewell,SE,SD,31511.5,32013.5,32324,32658.1,32895.6,33019.9,33149.6,33251.4264,33521.1
E1036,E07000036,Erewash,EM,SD,31659.3,32226.7,32703,32815.5,32988.8,33699.9,33711.8,33826.4,34613
E1132,E07000041,Exeter,SW,SD,34750,35429,36197,36547,36988,37348,37377,37665.973,38247
E1734,E07000087,Fareham,SE,SD,41630.2,42005.7,42371.6,42605.3,42909.6,43559.3,43804.5,44002.6,44139.4
E0533,E07000010,Fenland,E,SD,27368,27935,28397,28979,29380,29815,30143,30663.9632,31059
E2240,E07000112,Folkestone & Hythe,SE,SD,35469.3,36629.8,37431.4,38312.2,39057.2,39109.2,38484.7,39172.2965,39977.1
E1633,E07000080,Forest of Dean,SW,SD,26995.6,27655.5,28154.5,28551.3,29027.6,29294.8,29737.7,30180.1774,30636.3
E2335,E07000119,Fylde,NW,SD,28275,28747,29284,29751,30068,30639,30975,31392,31989
E4501,E08000037,Gateshead,NE,MD,49923.9,50480.1,50933.2,51462.4,52065.6,52453.6,52483.9,52660.9,53354.9
E3034,E07000173,Gedling,EM,SD,35610.1,36104.6,36306.1,36637.5,37007.3,37387.4,37390,37776.4,38503.7
E1634,E07000081,Gloucester,SW,SD,35439.7,36240.7,36706.4,37254.4,37932.3,38356.6,38119.8,38453.83375,39072.6
E1735,E07000088,Gosport,SE,SD,25640.4,25945.9,26409.7,26524.9,26956.2,27039.1,26722.8,27154.16375,27056
E2236,E07000109,Gravesham,SE,SD,31830.3,32412.7,33329.8,33988.2,33930.5,34334.5,34425.1,34829.61875,35266.5
E2633,E07000145,Great Yarmouth,E,SD,26155.7,26722.2,27342,28064.1,28560.3,29048.3,28910,29343.567,29851
E5012,E09000011,Greenwich,L,ILB,69702.3,74337.7,77699.8,80180.6,82847.6,83664.9,82858.7,83695.5835,85713
E3633,E07000209,Guildford,SE,SD,54825.8,55531.1,56634.5,57099.1,56795.3,57645.4,57159.4,58335.9,59212.1
E5013,E09000012,Hackney,L,ILB,63896,66624,68399,71145,72551.5,74385.9,72039.3,73981,77108.8
E0601,E06000006,Halton,NW,UA,32100,32948.1,33818,34435,34950,35359,35182,35831,36241
E5014,E09000013,Hammersmith and Fulham,L,ILB,71982.7,74040.9,75937.9,77856.2,79257.8,80495,80930,82262.984,83936
E2433,E07000131,Harborough,EM,SD,32163,32787.5,33482,34663.8,35161.4,36126.7,36356.1,37389.4,38251.5
E5038,E09000014,Haringey,L,OLB,70809.7,72175,75364.9,77092.7,77265,78543.3,76544,79303,79717.8
E1538,E07000073,Harlow,E,SD,24285.5,24419.8,25032.1,25590,26279,26943,27386,27950,28483
E5039,E09000015,Harrow,L,OLB,79795,82000,83500,84465.5,86250,87667,87387,88785,89085
E1736,E07000089,Hart,SE,SD,37981,38487.2,39444.2,40392.4,40704.1,41105.3,41055.2,41815.9,42313.3
E0701,E06000001,Hartlepool,NE,UA,22298.8,23265.7,23569.5,24021,24411,24882,24384,24928,25342
E1433,E07000062,Hastings,SE,SD,24281,24678,25095,25582,25865,26197,25722,26237.02082,26473
E1737,E07000090,Havant,SE,SD,38846.1,39290.5,39937.1,40704,40708.3,41257,41448,41771.4,41898.3
E5040,E09000016,Havering,L,OLB,83110,85474,86821,87346,88636,88883,88243,89390,90128
E1801,E06000019,Herefordshire,WM,UA,65848.3,66873,67598.2,68177.6,68826,69756.3,68355.2,70252.5,71073.1
E1934,E07000098,Hertsmere,E,SD,38976.3,39496,40100,40695.6,41274,41889.2,41887.1,42800.1,43176.1
E1037,E07000037,High Peak,EM,SD,29177,29654,29990,30210,30575,30970,30904,31342.0034,31390
E5041,E09000017,Hillingdon,L,OLB,91200.3,95770,97220,99070,100470,102107,102071,103840.048,103625
E2434,E07000132,Hinckley and Bosworth,EM,SD,35599.6,36398.6,37362,38118,38585.2,38996.2,38719.6,39010.455,39421.3
E3835,E07000227,Horsham,SE,SD,56836.4,58207.9,59630.1,60846.5,62187,63029,63115.1,64021.518,64792.5
E5042,E09000018,Hounslow,L,OLB,78760.7,80169.6,82599.4,82848,85195.4,86251.9,85986,86769.4,89308.6
E0551,E07000011,Huntingdonshire,E,SD,58329,59358.8,60111,60984,61749,62854,63355,64501,65795
E2336,E07000120,Hyndburn,NW,SD,18844,19089,20197,20506,20934,20948,20239,21050,21944.7
E3533,E07000202,Ipswich,E,SD,36475,37046,37859,38132,38323.1,38849,38405,38920.8,39163.3
E2101,E06000046,Isle of Wight Council,SE,UA,49535,50954.4,52137.1,52998,53508,53842.7,53279.6,53879.9011,54087
E4001,E06000053,Isles of Scilly,SW,UA,1321.4,1318.6,1322,1325.3,1317,1292.7,1246.6,1242.9715,1233.9
E5015,E09000019,Islington,L,ILB,72001.1,75339.6,77209.5,78175.8,79524.3,81221.2,77737.1,80177.9,81882.2
E5016,E09000020,Kensington and Chelsea,L,ILB,92778,94903,95726,96336,97428.9,97506.5,97001.3,97279.97225,97732.2
E2634,E07000146,Kings Lynn and West Norfolk,E,SD,47283.8,47939.9,48774.4,49465.9,51178.5,51979.7,52048,52610.5,52984.4
E2002,E06000010,Kingston upon Hull,YH,UA,54756,56965,58838,60039,61465,62554,61962,63988.04567,64983
E5043,E09000021,Kingston upon Thames,L,OLB,59304,60346,61203,62327,62806.2,63853.7,62854.5,63200.2,64568.8
E4703,E08000034,Kirklees,YH,MD,111253.3,113388.9,115371.4,117770,118708.6,120827.8,119177.5,121905.964,123215.8
E4301,E08000011,Knowsley,NW,MD,32617,33364,34097,35093,35821.7,36755,37130,37907,38820
E5017,E09000022,Lambeth,L,ILB,97779.7,100789,103504.7,107711.7,109258.3,111520.1,110871.9,111160.7,112731.1
E2337,E07000121,Lancaster,NW,SD,38500,39700,40300,41200,41400,41700,41500,42060,42579
E4704,E08000035,Leeds,YH,MD,213814.7,218267.1,221937.7,225055.2,228209.1,231377.6,229489.2,235758.018,239337.8
E2401,E06000016,Leicester,EM,UA,65903,69206,70825,71632,73894,76101,74806,77000.9985,79046
E1435,E07000063,Lewes,SE,SD,34979.8,35797.1,36345.6,37034,36760.4,36811.2,36711.4,36726.6,37839.4
E5018,E09000023,Lewisham,L,ILB,75526.1,78528.6,81087.6,86456.6,88405.1,90099.3,88614.3,88904.9,88848.5
E3433,E07000194,Lichfield,WM,SD,36264,36610,36935,37359.5,38010.8,39032.3,38891.4,39695.1,40534.4
E2533,E07000138,Lincoln,EM,SD,22569.2,23244.4,23689.7,23943,24299.8,24689.5,24372.4,25310,25249.5
E4302,E08000012,Liverpool,NW,MD,94459.5,102235.6,103323.6,104171,105960.2,109011.7,106968.6,108461,114506.4
E0201,E06000032,Luton,E,UA,46635.3,49151.3,49733.3,50461.1,50664.5,51828.7,51086.5,52738.1,54758.5
E2237,E07000110,Maidstone,SE,SD,56974.3,58525.4,59439.3,60921.6,62033.4,63319.8,63550.1,65896.2,67161.7
E1539,E07000074,Maldon,E,SD,23041.8,23455.7,23868.7,24193.2,24536.1,25090.8,24959.1,25524.3,25892.3
E1851,E07000235,Malvern Hills,WM,SD,28939.7,29373.2,30005.9,30461.9,30957.2,31397.5,31272.1,32119.0975,32871.2
E4203,E08000003,Manchester,NW,MD,101348.2,105569.6,109828.6,112964.8,116014.8,118864.6,119649.3,127620,131615.1
E3035,E07000174,Mansfield,EM,SD,27751.5,28272,28895,28905.5,29219.9,29407.7,29512.2,30557.3,30778.7
E2201,E06000035,Medway,SE,UA,80212.8,81613.5,81869,83435.2,84533.2,86796.9,87078.7,88041.5,89336.7
E2436,E07000133,Melton,EM,SD,17909.3,17990.2,18110.2,18379.5,18669.5,18936.8,19088.4,19358.4,19698.4
E5044,E09000024,Merton,L,OLB,69638,71327,72442.4,74124,74951.7,75989.9,74220,75754.6,77694.3
E1133,E07000042,Mid Devon,SW,SD,27289.76,27507,27876.1,28297.7,28596.5,29040.5,28594.4,29811.4245,29833
E3534,E07000203,Mid Suffolk,E,SD,34911.3,35336.1,35785.7,36337.4,36841.4,37301.6,37189.7,38853.2389,40127
E3836,E07000228,Mid Sussex,SE,SD,56970,57975.6,59012.1,59983.3,60707.5,61711.6,62223.8,63230.6,64664.2
E0702,E06000002,Middlesbrough,NE,UA,30836,32169,32923.9,33120.7,33608,34319,34484,35227.98054,35749
E0401,E06000042,Milton Keynes,SE,UA,78493,80360.7,81878.9,82950.2,84876.8,86689.9,86213.7,90364.4592,94196.2
E3634,E07000210,Mole Valley,SE,SD,39632,39884,40257,40324,40957,40883,40759,41308.047,41483.1
E1738,E07000091,New Forest,SE,SD,69193.8,69632.3,70155.2,70621,71074.4,71492.9,71538.7,72122.111,72271.7
E3036,E07000175,Newark and Sherwood,EM,SD,36771,37378.9,37828.8,38320.2,38771.6,39299.8,40002.1,41205,41791
E4502,E08000021,Newcastle upon Tyne,NE,MD,62736,63426,64125.8,65753.9,66761.2,67428.9,66837.9,67172,68667
E3434,E07000195,Newcastle-under-Lyme,WM,SD,35242,36078,36540,36812,37117,37387,37087,37667.966,38099
E5045,E09000025,Newham,L,OLB,67097.2,68526.8,70609.9,75487.5,78906,81578.01,80336.2,81872.4,85787.3
E1134,E07000043,North Devon,SW,SD,31715,32210.9,32769.5,33437,33948.4,34569.5,34397.9,34762.0355,35086
E1038,E07000038,North East Derbyshire,EM,SD,29392.9,29897.9,30182.8,30656.6,30957.9,31263.3,31658.4,32079.6,32603.6
E2003,E06000012,North East Lincolnshire,YH,UA,40153,41325.6,41890.4,42614.4,43240.8,44327.3,44405.4,45206.861,45710.4
E1935,E07000099,North Hertfordshire,E,SD,47371.5,47989.6,48648.7,49118.5,49498.4,49979.6,49396.9,49964.8,50663.6
E2534,E07000139,North Kesteven,EM,SD,34500,35450,36250,36700,37300,37700,37700,38300,39000
E2004,E06000013,North Lincolnshire,YH,UA,45103.1,46498.1,48147.2,48602.1,49442.8,49889.5,49640.3,50801,51270.5
E2635,E07000147,North Norfolk,E,SD,37274,37940,38748,39844,40621,40687,40959.2,41031.9,41085.9
E2801,E06000061,North Northamptonshire,EM,UA,NA,NA,NA,NA,NA,NA,111892,113047.0021,114279
E0104,E06000024,North Somerset,SW,UA,73996.8,75607.7,77204.3,78003.5,79371.8,79185.1,78738.9,79926.8045,81014.7
E4503,E08000022,North Tyneside,NE,MD,56424,56948,58202,59048,60179,61870,60941,62229,62692
E3731,E07000218,North Warwickshire,WM,SD,19686.6,20008.3,20307.7,20555.9,20818.2,21034.9,21071.1,21520.408,21786.8
E2437,E07000134,North West Leicestershire,EM,SD,29664,30319,31262,32852,33678,34585,34841,35581,36394
E2702,E06000065,North Yorkshire,YH,UA,NA,NA,NA,NA,NA,NA,NA,NA,243033.6
E2901,E06000057,Northumberland,NE,UA,97734.3,99057.6,101147.7,102668.7,104816.7,106868.9,106934.9,108605.49,110152.3
E2636,E07000148,Norwich,E,SD,33768,34322,35067,35485,36325,37003,37408,37787.9775,38260.1
E3001,E06000018,Nottingham,EM,UA,61047,62091,63368,65389,66766,67360,66396,67540,68403
E3732,E07000219,Nuneaton and Bedworth,WM,SD,35207.5,35706.4,36345.5,37187.3,37663.8,38416.4,38408.1,39208.5288,39224.9
E2438,E07000135,Oadby and Wigston,EM,SD,16698.9,16944.2,17155.7,17257,17423.2,17520.5,17558.7,17602.1,17986.7
E4204,E08000004,Oldham,NW,MD,53401,54406,54905,55666,56693,57663,57200,57450,58500
E3132,E07000178,Oxford,SE,SD,42658.6875,43665.1,44623.4,44623.4,45294.5,45895.5,45705.6,45193.19,45838.1
E2338,E07000122,Pendle,NW,SD,22617.3,23171.3,23348.3,23661.5,24061.3,24257.6,23898,23940.6,24776.4
E0501,E06000031,Peterborough,E,UA,52305.2,54100.4,54879,56259.3,57555.3,59093.5,59714.7,60494.8,61023.6
E1101,E06000026,Plymouth,SW,UA,68460,69846,70775.4,71932,73171.8,74602.9,73115,73830,74891
E1701,E06000044,Portsmouth,SE,UA,53277.2,53538.8,55329.9,55857.4,57075.4,57735.2,56487.9,57209.6616,57480.6
E2339,E07000123,Preston,NW,SD,34629,35204,35869,37202,38482,39114,39222,39769,41098
E0303,E06000038,Reading,SE,UA,50155,51050,53671,54850,55884,56741,55847.7,57059.5528,57826.6
E5046,E09000026,Redbridge,L,OLB,80570.3,83336.6,85627,87484,90386,91628,90275,90865,90472
E0703,E06000003,Redcar and Cleveland,NE,UA,37346,37884.7,38249.3,38823,39277,39840.3,40001.3,40336.362,40706.2
E1835,E07000236,Redditch,WM,SD,24846.7,25144.5,25509.1,26058.2,26096,26276.5,26158.2,26546.6,26305
E3635,E07000211,Reigate and Banstead,SE,SD,57629.8,58301,59076,59780.8,60243,61128.8,60720,62274.663,63495.3
E2340,E07000124,Ribble Valley,NW,SD,21703,22024,22481,22902,23209,23623,24007,24553,24980
E5047,E09000027,Richmond upon Thames,L,OLB,85697.2,86753.1,88162.1,88770,88464.5,88742,88487,88703,89289.3
E4205,E08000005,Rochdale,NW,MD,50744,52114,53025.1,53536.8,55176.2,55745,54637,56231.955,57552
E1540,E07000075,Rochford,E,SD,30226.2,30566.4,30855.3,31297.1,31570.1,31927.8,32051.9,32707.6145,32888.9
E2341,E07000125,Rossendale,NW,SD,19302.9,19678,19998,20229,20396,20635,20380,20579.9841,20828
E1436,E07000064,Rother,SE,SD,35708.3,36808.9,37260.9,37727,38054.1,38124.6,37606.6,38227.1,38520.7
E4403,E08000018,Rotherham,YH,MD,65477.6,67149.6,68235.1,69240.3,70279.97,70994.7,70760.5,71454,72149
E3733,E07000220,Rugby,WM,SD,34142.5,34771.7,35400.8,36271.2,37479.7,38735.2,38735.5,39485.02214,40434.6
E3636,E07000212,Runnymede,SE,SD,32070.2,33178.8,33327.1,33489.6,33409.9,34099.2,33404.2,34523.964,34864.6
E3038,E07000176,Rushcliffe,EM,SD,39923.1,40959.6,41777,42610.1,43178.5,43987.7,44259.6,45387.6,46068.4
E1740,E07000092,Rushmoor,SE,SD,29751.5,30172.7,30424.2,30971.4,31352.2,32015.2,32309.1,32795.294,32959.1
E2402,E06000017,Rutland,EM,UA,14460,14738.2,15024.6,15312.9,15500.3,15652.5,15652.6,15798.9,15916.6
E4206,E08000006,Salford,NW,MD,58990,61828,63573,65187,68413,69945,68109,71905.006,73859
E4604,E08000028,Sandwell,WM,MD,68103.3,69914,71217.3,72206.1,74150.8,74280.9,74387.8,74858.5,76764.7
E4304,E08000014,Sefton,NW,MD,78319,80806.5,81906.8,82939.5,84077.3,84904.4,82722.1,84170.4,85663.6
E2239,E07000111,Sevenoaks,SE,SD,48209.1,48895.7,49382.4,49902.9,50772.3,51207.9,50876.9,51514.27598,51990.3
E4404,E08000019,Sheffield,YH,MD,130231.4,132253.7,133743.9,135890.8,138744.4,140243.9,138032.6,143312.6,145489.6
E3202,E06000051,Shropshire,WM,UA,102411.33,104912.5,106565.9,109095.6,111240.1,113557.4,113689,115485.3,118106.1
E0304,E06000039,Slough,SE,UA,38462.6,40001.8,41174.7,41723.4,42789.8,42918.1,40828.7,42286.2,43160.1
E4605,E08000029,Solihull,WM,MD,72505,73456,74971,75972,76946,77566,77190,78256.03785,79168
E3301,E06000066,Somerset,SW,UA,NA,NA,NA,NA,NA,NA,NA,NA,205674
E0536,E07000012,South Cambridgeshire,E,SD,59680.4,60257,60855.4,61410.2,62576.3,63617.6,64372.5,65432,67330.7
E1039,E07000039,South Derbyshire,EM,SD,30608,30990,31647.3,32467,33302,34474,35218,36702,37662.6
E0103,E06000025,South Gloucestershire,SW,UA,87715,90205,90777,92630.9,94610.6,96745,98044,100143.0205,101695
E1136,E07000044,South Hams,SW,SD,36606.9,37004,37379.6,37851.9,38179.7,38508.5,38298.4,39139.70275,39949
E2535,E07000140,South Holland,EM,SD,25767,26531,26892,27302.4,27931,28492,28794,29393,29841
E2536,E07000141,South Kesteven,EM,SD,44753.2,45440.4,46119.4,46519.3,47125.7,47917.4,48122.4,48706.7,49329
E2637,E07000149,South Norfolk,E,SD,44538,45353,47120,48259,49138,49966,50233,51430,52335
E3133,E07000179,South Oxfordshire,SE,SD,54233.6,54965,55557.2,56163.3,56793.3,57848.5,59171.2,60343.732,61349.5
E2342,E07000126,South Ribble,NW,SD,34454.5,34815.6,35287.6,35540.8,35787.4,36073.7,36219.4,36584.9,37153.3
E3435,E07000196,South Staffordshire,WM,SD,36942.1,37146.9,37576.6,37785.1,38090.1,38355.9,38664.3,39066.2,39608.6
E4504,E08000023,South Tyneside,NE,MD,36492.9,36982.4,37735.7,38296.2,38619,38958.3,38706.4,39015.6,39502.8
E1702,E06000045,Southampton,SE,UA,58825,60464,62900,64345,64959,65468,64389,66146.0005,67057
E1501,E06000033,Southend-on-Sea,E,UA,54591.12,55701.3,56917.6,57611.5,58424.5,58680.9,58630.5,59086.677,59746.1
E5019,E09000028,Southwark,L,ILB,87727.3,91231,95941.3,100884,103662,106284.3,105677.8,107267,109174.1
E3637,E07000213,Spelthorne,SE,SD,37971.1,38308.4,38908.6,39280,39688,40085,39016.3,39223.2,39949.2
E1936,E07000240,St Albans,E,SD,59499.1,60798.1,61172.2,61636.1,62107.3,62821,61607,63368.118,63713.5
E4303,E08000013,St Helens,NW,MD,47808,48904,49880,50563,51317,52272,52080,53290,53317
E3436,E07000197,Stafford,WM,SD,43792.1,44438,45401.8,46593.3,47491.5,48260.7,47994.1,48490.4,48863.5
E3437,E07000198,Staffordshire Moorlands,WM,SD,32060,32458,32730,32887,33089,33225,33260,33510.0318,33374
E1937,E07000243,Stevenage,E,SD,25207.4,25888.5,26695.1,27058.5,27329.9,27780.7,27733.8,28003.7,28153.1
E4207,E08000007,Stockport,NW,MD,89500.5,90697.7,92587.3,93361.2,95100.8,96241.2,95945.1,96883.13125,97533.3
E0704,E06000004,Stockton-on-Tees,NE,UA,52221.5,53405.5,54333.2,55245.3,56112.7,57076.2,57240.7,57628.3,58668.8
E3401,E06000021,Stoke-on-Trent,WM,UA,58882.3,59989.5,61994.2,63477.4,64868.1,66541.7,63458.7,65185.248,66532.1
E3734,E07000221,Stratford-on-Avon,WM,SD,49446.8,50780.6,52463.2,54477.4,55837.8,56604.1,56936.4,59076.0344,60188.2
E1635,E07000082,Stroud,SW,SD,41429,42148.5,42699.3,43539.3,44281.7,45045.4,45573.6,46441.5732,46506
E4505,E08000024,Sunderland,NE,MD,66000.1,67556,69402,69991,70389,71336,70045,72161,73619
E3638,E07000214,Surrey Heath,SE,SD,36600.5,36890.2,37318,37540.6,38054.4,38526,38810.6,38976.2,39613.4
E5048,E09000029,Sutton,L,OLB,69723.2,70569.2,71467.4,72737.1,73245.7,73504.5,72415.5,73468.3,73959.8
E2241,E07000113,Swale,SE,SD,42869.5,43959.2,45299.9,46590.8,47344.1,48072.7,48040.1,48939.5,49673.5
E3901,E06000030,Swindon,SW,UA,67660,69545.8,71551.4,72898.6,74532,75878.9,76260.3,76784,77773.6
E4208,E08000008,Tameside,NW,MD,57087.1,57969.5,59786.5,60914.1,62306.8,63307.9,61843.4,63306,63532.5
E3439,E07000199,Tamworth,WM,SD,20628,20904,21093,21438,21761,22367,22366,22968.0253,23376
E3639,E07000215,Tandridge,SE,SD,36667,36969.9,37558.9,37980.3,38237.1,38646.1,38454.5,38692.90001,38904.9
E1137,E07000045,Teignbridge,SW,SD,45746,46797,47614,48577,49219,49714,48410,49633.0387,50215
E3201,E06000020,Telford and the Wrekin,WM,UA,45191.7,46985.3,48612.8,49579.8,50640.3,51874.3,52378,54009.3,55315.9
E1542,E07000076,Tendring,E,SD,44290.1,44908.3,45859.5,46739.5,47455.2,48392,48435.6,49892.2,51050
E1742,E07000093,Test Valley,SE,SD,45322,46439,47315.1,48079,48966,49855,50316,51338.01,51968.4
E1636,E07000083,Tewkesbury,SW,SD,31034,31815,32512.3,33858.6,34585,35340.9,35403,35811.22,36781.4
E2242,E07000114,Thanet,SE,SD,40048.5,40690.6,42068.6,42904.7,43763.3,44546.4,44155.7,44975.168,45759.5
E1938,E07000102,Three Rivers,E,SD,36916.1,37367.3,37812.1,38243.7,39092.1,39212.7,38774.3,39259.791,39545.2
E1502,E06000034,Thurrock,E,UA,47888.8,48856.1,50287.1,50790,51298,51897.2,50818,51657.012,51953
E2243,E07000115,Tonbridge and Malling,SE,SD,46900.52,47629.2,48878.9,49924.5,50820.6,51371.1,51374.9,52246.9,52706.3
E1102,E06000027,Torbay,SW,UA,42370.8,43180.7,44049.2,44865.9,45699.6,46274.9,45464.5,46194.8,46620.1
E1139,E07000046,Torridge,SW,SD,22219.2,22760.8,23420.2,23552.4,23767.3,24333.2,24035.2,24447.08,24749.9
E5020,E09000030,Tower Hamlets,L,ILB,78840.1,83493,88784,95095,98396,102266,102572.2,108213.3,112950.4
E4209,E08000009,Trafford,NW,MD,72669,73844,74883,76045,76999,77386,75816,77601.0294,78464
E2244,E07000116,Tunbridge Wells,SE,SD,43095.9,43538.4,44448.6,45252.1,45693.6,46277.1,45371.3,46479.615,47402.1
E1544,E07000077,Uttlesford,E,SD,33539.8,34450.8,35223.7,36210.9,37313.2,38036.1,38108.3,38435.728,39007.2
E3134,E07000180,Vale of White Horse,SE,SD,47563.1,48176.9,49406,50451.8,51706.2,52686.4,53919.1,55362.802,56664.9
E4705,E08000036,Wakefield,YH,MD,91676,93644,95512,99199,101567,103175,102088,104633,105564
E4606,E08000030,Walsall,WM,MD,65147.5,67520.4,69074.7,69743,70792.7,71549.8,70809.4,71803.4,72608.7
E5049,E09000031,Waltham Forest,L,OLB,68525.5,71882.2,73757,74816,76084,77221,76701,78615,80121
E5021,E09000032,Wandsworth,L,ILB,120607,125734,128303,130683,133215.5,135327,136064,138028.2,141014.6
E0602,E06000007,Warrington,NW,UA,64161,65156,66527,67492,67892,68464,69027,69538,70592
E3735,E07000222,Warwick,WM,SD,50836.7,51879.2,52709.7,53388.9,55577.2,55851.4,55916.8,56399.5,57669.6
E1939,E07000103,Watford,E,SD,30804.6,31314.7,32062.1,32393.9,32840.6,33480.7,32786.1,33891.2568,35532.1
E3640,E07000216,Waverley,SE,SD,52831.3,53645.9,53936.1,54191,54669.1,55467.1,55612.8,56487.298,57369.3
E1437,E07000065,Wealden,SE,SD,61204.5,62920.5,63196.6,63937.6,65057.2,65674.2,66429.6,67187.9335,67793.2
E1940,E07000241,Welwyn Hatfield,E,SD,38972.3,39470.1,40324.2,41363.2,41889.6,42590,43462.4,43497.6388,43867
E0302,E06000037,West Berkshire,SE,UA,62083.1,62626.1,64084.2,64890.7,65021.5,65205.9,65343.7,66310.2,67392.5
E1140,E07000047,West Devon,SW,SD,19457,19733.4,19948.8,20117.9,20176.6,20271.7,20239.5,20687.8,21225.9
E2343,E07000127,West Lancashire,NW,SD,33587.6,34021,34390.2,34827.9,35256.3,35978.9,36774.1,37669.7,38095.8
E2537,E07000142,West Lindsey,EM,SD,28224.1,28878.7,28959.5,29224.1,29532.8,29987,30128.4,31038.5,31696.8
E2802,E06000062,West Northamptonshire,EM,UA,NA,NA,NA,NA,NA,NA,137520.2,139604,142060.8
E3135,E07000181,West Oxfordshire,SE,SD,41175.8,41512,42580.7,42920.7,43593.6,44285.2,44917.9,46172.4465,47078.8
E3539,E07000245,West Suffolk,E,SD,NA,NA,NA,NA,55056.1,56138.1,55340,57406.3,57987
E5022,E09000033,Westminster,L,ILB,121890.8,125181.1,126975.6,128833.3,130319.7,132698.3,133817.9,135056.3,135955.4
E0902,E06000064,Westmorland and Furness,NW,UA,NA,NA,NA,NA,NA,NA,NA,NA,87714.7
E4210,E08000010,Wigan,NW,MD,85227,85921,87787,89249,90413,92200,92600,94100,96500
E3902,E06000054,Wiltshire,SW,UA,170842.5,176780.3,177805.1,182705.4,186013,187935.7,187517.4,189964.3,193142.9
E1743,E07000094,Winchester,SE,SD,46450.4,46835.2,47794.3,48389.9,49307.5,49960.2,50810.5,51554.0966,52626.8
E0305,E06000040,Windsor and Maidenhead,SE,UA,64107.2,65696.6,66709.6,67617.9,68352.8,68690.9,69179.5,69736.2665,70250.2
E4305,E08000015,Wirral,NW,MD,89344.9,90481.9,91309.5,92255.9,93497.8,93965.9,94198.6,95172.38955,95585.1
E3641,E07000217,Woking,SE,SD,39355.5,39862,40521,41030,41323,41579.8,40343,41519,42611
E0306,E06000041,Wokingham,SE,UA,65157.2,66001.4,67433.4,68669.1,70176.6,72036.5,73297.1,74946.3,76247.1
E4607,E08000031,Wolverhampton,WM,MD,59104,60405.9,61397.5,62959.2,63996.4,64726.8,63580.5,64936.9,65994.1
E1837,E07000237,Worcester,WM,SD,30023,30643,31141,31528.5,31898,32242.8,32121.9,32528.195,32954
E3837,E07000229,Worthing,SE,SD,36564.4,37360.3,37829.3,38365.9,38504.2,39269.5,39131,39610.5,39364.6
E1838,E07000238,Wychavon,WM,SD,45884.3,47158,48704.3,49435.6,50322.1,51834.5,51708.2,52818.6,52435.5
E2344,E07000128,Wyre,NW,SD,34588.9,35277.5,35784.8,36270.3,36857.7,37300.5,36980.7,38004.5,38495.6
E1839,E07000239,Wyre Forest,WM,SD,31814.1,32727.1,33034.1,33458,33750.9,33945,33780,34219.9835,34738
E2701,E06000014,York,YH,UA,62405.7,64199.2,65570,66671.1,67706.1,67813.1,67511.6,68220.38,68633.1
